chart_rank,title,mal_score,reviews,rated,avg_review_score,gap,recommended,from,to
1,Steel Ball Run: JoJo no Kimyou na Bouken,9.06,3,3,9.666666666666666,0.6066666666666656,1.0,2026-09-28,2026-09-30
2,Bleach: Sennen Kessen-hen - Kashin-tan,9.02,31,31,7.709677419354839,-1.3103225806451606,0.7096774193548387,2026-08-12,2026-09-23
3,One Piece,8.72,100,100,7.62,-1.1000000000000005,0.6,2025-04-02,2026-09-12
4,Chiikawa,8.63,8,8,8.375,-0.2550000000000008,1.0,2023-10-29,2026-09-19
5,Seihantai na Kimi to Boku 2nd Season,8.51,18,18,8.444444444444445,-0.06555555555555515,0.8888888888888888,2026-07-21,2026-09-29
6,Shiguang Dailiren III,8.51,4,4,6.75,-1.7599999999999998,0.5,2026-08-31,2026-10-01
7,Xian Ni,8.49,13,13,6.923076923076923,-1.5669230769230769,0.6153846153846154,2024-06-15,2026-09-14
8,Tian Guan Cifu Short Films,8.47,0,0,,,,,
9,Doupo Cangqiong: Nian Fan,8.39,4,4,8.0,-0.39000000000000057,0.75,2023-08-03,2025-05-11
10,Tunshi Xingkong 4th Season,8.33,4,4,8.0,-0.33000000000000007,0.5,2024-04-06,2026-04-12
